sl_no,gender,ssc_p,ssc_b,hsc_p,hsc_b,hsc_s,degree_p,degree_t,workex,etest_p,specialisation,mba_p,status,salary
1,F,52.67,Others,56.04,Others,Science,57.82,Sci&Tech,No,98.0,Mkt&HR,72.4,Not Placed,
2,M,67.33,Others,64.92,Others,Science,66.7,Sci&Tech,No,65.19,Mkt&Fin,52.63,Placed,263000.0
3,F,61.77,Others,54.01,Central,Commerce,61.14,Comm&Mgmt,No,77.49,Mkt&Fin,64.36,Not Placed,
4,F,63.46,Central,69.33,Central,Commerce,74.61,Comm&Mgmt,No,85.89,Mkt&HR,53.73,Not Placed,
5,M,77.83,Others,76.76,Others,Commerce,72.35,Comm&Mgmt,No,73.27,Mkt&HR,62.14,Placed,274000.0
6,F,72.81,Central,56.84,Central,Science,67.22,Sci&Tech,Yes,98.0,Mkt&Fin,59.84,Placed,329000.0
7,F,81.44,Others,80.24,Central,Science,78.43,Sci&Tech,No,67.09,Mkt&Fin,51.88,Placed,278000.0
8,F,65.33,Others,82.88,Others,Commerce,53.28,Comm&Mgmt,Yes,76.21,Mkt&Fin,62.97,Placed,253000.0
9,M,59.48,Central,63.68,Central,Science,52.14,Comm&Mgmt,Yes,61.62,Mkt&Fin,58.62,Placed,309000.0
10,M,64.58,Central,62.15,Others,Commerce,70.22,Comm&Mgmt,No,67.43,Mkt&HR,51.2,Not Placed,
11,M,69.62,Central,66.58,Central,Commerce,67.72,Comm&Mgmt,No,75.24,Mkt&HR,66.89,Placed,262000.0
12,F,68.91,Others,72.63,Central,Arts,68.57,Comm&Mgmt,No,83.0,Mkt&HR,70.25,Placed,671000.0
13,M,55.29,Central,45.2,Others,Commerce,54.66,Comm&Mgmt,Yes,76.15,Mkt&HR,69.16,Not Placed,
14,F,67.98,Others,68.29,Others,Commerce,66.66,Others,Yes,88.37,Mkt&HR,64.14,Placed,255000.0
15,M,69.46,Others,64.38,Central,Commerce,78.93,Sci&Tech,No,70.77,Mkt&Fin,63.65,Placed,394000.0
16,M,89.4,Others,94.38,Central,Science,79.07,Sci&Tech,No,67.68,Mkt&Fin,70.71,Placed,382000.0
17,M,87.27,Central,76.02,Central,Science,74.53,Sci&Tech,No,98.0,Mkt&Fin,72.21,Placed,468000.0
18,M,57.78,Others,75.46,Others,Arts,60.68,Comm&Mgmt,No,77.13,Mkt&Fin,67.8,Not Placed,
19,F,63.9,Central,55.26,Others,Commerce,63.08,Comm&Mgmt,Yes,62.65,Mkt&HR,56.63,Placed,241000.0
20,M,51.19,Others,62.65,Central,Commerce,50.0,Comm&Mgmt,Yes,62.97,Mkt&HR,61.61,Not Placed,
21,F,60.62,Others,65.56,Central,Science,65.71,Sci&Tech,No,59.75,Mkt&HR,64.49,Not Placed,
22,M,70.41,Others,60.84,Others,Commerce,72.55,Comm&Mgmt,Yes,84.18,Mkt&Fin,52.8,Placed,424000.0
23,F,80.02,Others,75.02,Others,Science,61.87,Sci&Tech,No,67.26,Mkt&Fin,64.27,Placed,784000.0
24,F,59.13,Central,72.33,Others,Science,59.86,Sci&Tech,Yes,73.66,Mkt&Fin,73.99,Placed,250000.0
25,F,59.94,Central,59.71,Others,Commerce,57.27,Comm&Mgmt,No,71.17,Mkt&Fin,64.75,Not Placed,
26,M,43.81,Central,39.21,Central,Science,52.73,Sci&Tech,No,81.51,Mkt&Fin,68.88,Not Placed,
27,M,65.24,Central,65.23,Central,Commerce,66.14,Comm&Mgmt,Yes,60.99,Mkt&Fin,63.12,Placed,262000.0
28,M,55.53,Central,52.37,Central,Commerce,50.35,Comm&Mgmt,No,58.02,Mkt&Fin,60.13,Not Placed,
29,M,61.28,Central,60.29,Others,Science,68.01,Sci&Tech,Yes,74.92,Mkt&HR,64.4,Placed,308000.0
30,F,57.53,Central,60.45,Others,Commerce,67.51,Comm&Mgmt,Yes,79.81,Mkt&Fin,57.76,Placed,206000.0
31,F,65.98,Central,51.29,Others,Science,64.64,Comm&Mgmt,No,76.32,Mkt&Fin,56.66,Not Placed,
32,F,48.02,Central,42.18,Others,Science,50.0,Others,No,61.48,Mkt&HR,67.46,Not Placed,
33,M,51.16,Others,61.74,Others,Arts,55.13,Comm&Mgmt,Yes,80.81,Mkt&Fin,68.56,Placed,273000.0
34,M,89.4,Others,74.23,Others,Arts,81.44,Comm&Mgmt,No,62.33,Mkt&HR,58.19,Placed,504000.0
35,M,53.1,Central,37.0,Central,Commerce,50.0,Comm&Mgmt,No,65.22,Mkt&HR,65.82,Not Placed,
36,M,55.15,Central,66.5,Central,Commerce,60.29,Comm&Mgmt,No,59.73,Mkt&Fin,61.05,Not Placed,
37,M,86.84,Central,79.58,Central,Science,66.55,Sci&Tech,Yes,88.92,Mkt&HR,64.02,Placed,277000.0
38,M,89.4,Others,72.6,Others,Arts,78.96,Comm&Mgmt,No,80.23,Mkt&HR,65.93,Placed,401000.0
39,M,54.35,Central,48.2,Central,Commerce,58.11,Comm&Mgmt,No,79.86,Mkt&HR,66.78,Not Placed,
40,F,63.02,Central,71.27,Others,Commerce,67.4,Comm&Mgmt,Yes,88.21,Mkt&HR,62.69,Placed,224000.0
41,M,70.69,Central,71.35,Others,Commerce,71.02,Comm&Mgmt,No,98.0,Mkt&HR,70.36,Placed,282000.0
42,F,85.67,Central,96.87,Others,Commerce,83.63,Comm&Mgmt,Yes,50.0,Mkt&HR,65.56,Placed,446000.0
43,F,56.34,Central,64.06,Central,Science,61.54,Sci&Tech,No,62.4,Mkt&Fin,65.09,Not Placed,
44,M,64.35,Others,68.19,Central,Commerce,67.7,Comm&Mgmt,Yes,63.99,Mkt&HR,57.69,Placed,272000.0
45,F,75.4,Others,69.55,Central,Science,60.78,Comm&Mgmt,No,60.94,Mkt&HR,73.45,Not Placed,
46,F,71.7,Others,75.88,Others,Science,75.0,Sci&Tech,No,57.99,Mkt&HR,65.58,Not Placed,
47,M,62.94,Others,69.43,Others,Science,60.62,Sci&Tech,Yes,68.1,Mkt&HR,65.48,Not Placed,
48,M,65.55,Others,76.19,Others,Commerce,62.69,Comm&Mgmt,No,56.18,Mkt&Fin,52.92,Placed,241000.0
49,F,52.15,Central,53.75,Central,Commerce,61.12,Comm&Mgmt,No,76.36,Mkt&HR,57.09,Not Placed,
50,M,64.43,Others,61.24,Central,Science,56.49,Others,No,72.67,Mkt&HR,67.96,Not Placed,
51,M,64.12,Others,60.69,Others,Science,66.77,Comm&Mgmt,Yes,78.25,Mkt&Fin,63.75,Placed,356000.0
52,M,69.51,Central,74.45,Others,Commerce,72.94,Comm&Mgmt,No,78.6,Mkt&Fin,52.27,Placed,772000.0
53,F,61.0,Others,75.79,Others,Science,66.05,Sci&Tech,No,79.84,Mkt&Fin,67.82,Placed,200000.0
54,F,72.09,Central,65.25,Central,Commerce,59.02,Comm&Mgmt,No,67.15,Mkt&Fin,58.41,Not Placed,
55,F,77.94,Central,68.76,Others,Science,69.56,Sci&Tech,No,98.0,Mkt&HR,70.22,Placed,246000.0
56,F,68.68,Others,69.94,Central,Commerce,71.34,Comm&Mgmt,No,75.05,Mkt&Fin,62.15,Placed,285000.0
57,M,70.8,Others,66.35,Others,Commerce,56.89,Comm&Mgmt,No,50.0,Mkt&Fin,62.31,Placed,283000.0
58,M,67.57,Others,74.76,Central,Science,60.42,Sci&Tech,No,58.97,Mkt&HR,68.03,Not Placed,
59,M,67.0,Central,47.21,Central,Commerce,71.53,Comm&Mgmt,No,50.0,Mkt&HR,57.72,Not Placed,
60,M,59.21,Central,55.04,Others,Commerce,65.29,Comm&Mgmt,No,72.23,Mkt&HR,56.57,Not Placed,
61,F,70.42,Others,61.58,Central,Commerce,70.04,Comm&Mgmt,No,70.42,Mkt&HR,61.42,Placed,201000.0
62,M,65.95,Central,46.05,Others,Commerce,76.87,Comm&Mgmt,No,65.91,Mkt&HR,67.74,Not Placed,
63,M,89.4,Others,70.48,Others,Science,77.01,Sci&Tech,No,98.0,Mkt&HR,55.88,Placed,391000.0
64,F,83.99,Central,67.92,Central,Commerce,76.21,Comm&Mgmt,No,79.14,Mkt&HR,53.95,Placed,404000.0
65,M,71.17,Central,66.93,Others,Science,83.63,Sci&Tech,No,81.44,Mkt&Fin,68.39,Placed,336000.0
66,M,58.76,Central,71.28,Others,Science,62.33,Comm&Mgmt,No,59.9,Mkt&HR,58.42,Not Placed,
67,M,54.99,Others,57.66,Others,Commerce,57.62,Comm&Mgmt,No,59.01,Mkt&Fin,59.1,Not Placed,
68,M,79.86,Central,64.66,Central,Commerce,73.43,Comm&Mgmt,Yes,72.48,Mkt&Fin,52.63,Placed,369000.0
69,M,69.84,Central,67.43,Others,Science,69.99,Sci&Tech,No,74.25,Mkt&Fin,58.76,Placed,318000.0
70,M,72.19,Central,78.12,Central,Science,65.21,Comm&Mgmt,No,50.0,Mkt&HR,61.98,Placed,246000.0
71,M,48.16,Central,47.69,Central,Science,53.87,Sci&Tech,No,69.66,Mkt&HR,66.0,Not Placed,
72,M,77.02,Central,64.12,Central,Science,83.35,Others,No,72.18,Mkt&Fin,59.59,Placed,309000.0
73,F,71.91,Others,73.8,Others,Commerce,70.06,Comm&Mgmt,No,69.2,Mkt&HR,71.62,Placed,247000.0
74,M,55.01,Central,57.87,Others,Commerce,58.01,Comm&Mgmt,No,61.43,Mkt&Fin,57.54,Not Placed,
75,M,61.91,Others,69.05,Others,Science,69.98,Comm&Mgmt,No,64.99,Mkt&HR,58.74,Placed,202000.0
76,M,69.85,Others,67.8,Others,Commerce,66.81,Comm&Mgmt,No,69.7,Mkt&HR,70.64,Placed,288000.0
77,M,67.57,Central,72.63,Others,Science,65.18,Sci&Tech,Yes,73.18,Mkt&HR,63.18,Placed,404000.0
78,F,63.84,Central,55.81,Others,Commerce,68.61,Comm&Mgmt,Yes,79.86,Mkt&HR,59.32,Placed,247000.0
79,M,65.88,Others,65.63,Others,Science,58.57,Sci&Tech,No,86.05,Mkt&Fin,60.5,Placed,272000.0
80,F,64.28,Central,63.06,Others,Commerce,67.54,Comm&Mgmt,No,68.17,Mkt&Fin,69.7,Placed,200000.0
81,F,68.65,Central,56.92,Central,Commerce,78.12,Comm&Mgmt,Yes,66.07,Mkt&HR,71.38,Placed,312000.0
82,M,82.89,Others,61.8,Central,Commerce,74.72,Comm&Mgmt,No,77.69,Mkt&HR,58.48,Placed,327000.0
83,F,40.0,Others,57.33,Others,Commerce,54.82,Comm&Mgmt,Yes,79.94,Mkt&Fin,60.75,Not Placed,
84,M,64.44,Others,61.96,Others,Science,62.61,Comm&Mgmt,No,66.36,Mkt&Fin,62.26,Placed,313000.0
85,M,68.91,Central,58.71,Others,Commerce,64.74,Sci&Tech,Yes,82.28,Mkt&Fin,56.55,Placed,308000.0
86,M,70.2,Others,67.29,Central,Commerce,66.1,Comm&Mgmt,Yes,84.73,Mkt&Fin,61.8,Placed,325000.0
87,F,62.98,Others,73.73,Others,Commerce,62.85,Comm&Mgmt,No,88.79,Mkt&Fin,61.81,Placed,212000.0
88,M,48.03,Central,37.0,Central,Commerce,65.13,Others,No,95.12,Mkt&Fin,68.28,Not Placed,
89,M,70.54,Others,55.58,Central,Science,57.64,Sci&Tech,No,60.74,Mkt&HR,67.9,Not Placed,
90,M,85.66,Central,68.77,Central,Commerce,77.98,Comm&Mgmt,No,72.18,Mkt&Fin,61.49,Placed,458000.0
91,M,50.43,Central,69.66,Central,Arts,58.45,Comm&Mgmt,No,72.15,Mkt&Fin,60.17,Placed,200000.0
92,F,76.33,Central,73.88,Others,Commerce,71.9,Comm&Mgmt,Yes,70.73,Mkt&Fin,66.34,Placed,306000.0
93,M,63.45,Central,70.92,Central,Science,58.67,Sci&Tech,No,63.56,Mkt&Fin,58.15,Placed,227000.0
94,M,66.34,Central,56.3,Others,Commerce,73.93,Comm&Mgmt,No,52.69,Mkt&HR,66.13,Placed,375000.0
95,M,55.63,Others,50.58,Others,Commerce,69.7,Comm&Mgmt,Yes,73.2,Mkt&Fin,61.99,Placed,325000.0
96,M,63.39,Others,68.17,Others,Science,70.75,Sci&Tech,No,62.01,Mkt&HR,57.24,Not Placed,
97,M,81.04,Others,74.57,Others,Arts,62.58,Comm&Mgmt,No,73.12,Mkt&HR,56.5,Placed,389000.0
98,M,73.29,Others,74.47,Central,Science,73.46,Sci&Tech,Yes,61.68,Mkt&Fin,70.8,Placed,321000.0
99,M,85.71,Others,75.05,Others,Commerce,75.35,Comm&Mgmt,No,57.7,Mkt&HR,62.17,Placed,430000.0
100,F,79.72,Central,75.71,Others,Commerce,61.59,Sci&Tech,No,75.05,Mkt&HR,70.68,Placed,215000.0
101,F,71.74,Central,70.3,Others,Science,67.97,Sci&Tech,No,73.96,Mkt&Fin,59.47,Placed,336000.0
102,F,85.83,Central,83.32,Others,Commerce,75.15,Comm&Mgmt,Yes,79.53,Mkt&Fin,64.62,Placed,371000.0
103,M,71.74,Central,75.82,Central,Science,71.33,Comm&Mgmt,No,98.0,Mkt&HR,75.79,Placed,241000.0
104,F,75.94,Others,57.5,Others,Science,70.61,Comm&Mgmt,No,75.6,Mkt&HR,56.75,Placed,270000.0
105,F,63.8,Central,45.49,Central,Science,67.02,Comm&Mgmt,No,78.31,Mkt&Fin,51.76,Placed,253000.0
106,F,67.72,Central,75.26,Central,Science,75.25,Others,No,57.99,Mkt&Fin,70.1,Placed,254000.0
107,M,59.47,Central,72.3,Central,Science,70.93,Sci&Tech,Yes,55.27,Mkt&Fin,58.05,Placed,334000.0
108,M,77.69,Central,63.55,Others,Commerce,53.56,Sci&Tech,No,92.58,Mkt&HR,60.74,Placed,244000.0
109,M,54.27,Others,43.54,Others,Commerce,60.15,Comm&Mgmt,Yes,59.99,Mkt&Fin,58.29,Not Placed,
110,F,75.45,Central,71.84,Others,Science,68.45,Sci&Tech,No,58.43,Mkt&Fin,63.82,Placed,318000.0
111,M,64.94,Central,73.13,Others,Commerce,55.57,Comm&Mgmt,No,71.49,Mkt&HR,55.83,Placed,220000.0
112,M,79.65,Central,88.59,Central,Commerce,71.42,Others,Yes,70.83,Mkt&HR,61.65,Placed,340000.0
113,M,75.11,Central,75.2,Others,Commerce,76.53,Comm&Mgmt,No,60.27,Mkt&HR,65.63,Placed,326000.0
114,M,86.66,Others,74.0,Others,Science,67.03,Sci&Tech,No,68.04,Mkt&Fin,56.66,Placed,400000.0
115,M,74.89,Central,63.1,Others,Science,71.16,Sci&Tech,Yes,87.98,Mkt&Fin,58.77,Placed,533000.0
116,F,50.02,Central,57.11,Central,Science,55.2,Sci&Tech,No,61.52,Mkt&HR,59.11,Not Placed,
117,F,66.28,Central,63.41,Others,Commerce,62.3,Comm&Mgmt,No,53.88,Mkt&HR,53.87,Not Placed,
118,F,54.34,Others,50.76,Central,Commerce,70.59,Others,Yes,84.25,Mkt&Fin,60.23,Placed,445000.0
119,M,61.4,Others,80.68,Central,Commerce,61.34,Others,No,78.4,Mkt&HR,62.29,Not Placed,
120,M,83.32,Others,90.5,Others,Commerce,74.84,Comm&Mgmt,No,63.93,Mkt&Fin,60.79,Placed,401000.0
121,M,73.89,Others,79.8,Central,Science,58.01,Comm&Mgmt,No,51.43,Mkt&Fin,59.81,Placed,324000.0
122,M,59.45,Others,54.37,Central,Science,74.61,Sci&Tech,No,62.32,Mkt&Fin,62.85,Placed,222000.0
123,M,56.05,Central,67.6,Others,Commerce,66.11,Sci&Tech,No,71.29,Mkt&Fin,58.5,Not Placed,
124,M,67.35,Central,71.98,Others,Commerce,65.51,Comm&Mgmt,Yes,87.15,Mkt&Fin,65.85,Placed,294000.0
125,M,53.86,Central,62.88,Others,Commerce,65.19,Comm&Mgmt,No,58.52,Mkt&HR,69.92,Not Placed,
126,M,59.75,Central,72.98,Central,Science,55.74,Others,Yes,70.9,Mkt&Fin,58.52,Placed,741000.0
127,M,70.37,Others,73.6,Others,Science,74.49,Sci&Tech,No,80.78,Mkt&Fin,65.62,Not Placed,
128,M,79.48,Central,79.5,Others,Commerce,68.94,Comm&Mgmt,No,50.0,Mkt&Fin,61.08,Placed,409000.0
129,M,73.57,Others,75.38,Others,Science,67.57,Comm&Mgmt,No,85.44,Mkt&Fin,64.27,Placed,360000.0
130,M,42.25,Others,55.63,Others,Commerce,54.94,Others,Yes,56.63,Mkt&Fin,69.61,Not Placed,
131,M,70.29,Central,53.0,Others,Commerce,64.23,Sci&Tech,No,76.32,Mkt&HR,64.72,Not Placed,
132,F,67.78,Others,67.49,Others,Science,70.75,Sci&Tech,No,75.21,Mkt&Fin,52.82,Placed,328000.0
133,M,71.47,Others,64.08,Central,Commerce,69.5,Comm&Mgmt,Yes,86.1,Mkt&HR,64.95,Placed,379000.0
134,M,84.46,Others,65.07,Central,Commerce,76.34,Comm&Mgmt,No,79.16,Mkt&HR,69.91,Not Placed,
135,M,44.72,Central,68.39,Others,Science,58.6,Sci&Tech,No,50.0,Mkt&Fin,60.14,Not Placed,
136,M,60.62,Central,77.54,Others,Commerce,67.19,Comm&Mgmt,Yes,61.8,Mkt&HR,67.69,Placed,286000.0
137,F,73.38,Central,81.41,Central,Science,66.25,Comm&Mgmt,No,73.8,Mkt&HR,58.33,Placed,298000.0
138,M,49.92,Central,59.13,Others,Commerce,73.4,Comm&Mgmt,No,69.47,Mkt&HR,54.67,Placed,240000.0
139,F,82.94,Central,86.6,Others,Commerce,62.94,Comm&Mgmt,No,78.21,Mkt&HR,62.57,Placed,306000.0
140,M,70.98,Others,68.64,Others,Commerce,75.16,Comm&Mgmt,No,82.26,Mkt&HR,53.36,Not Placed,
141,M,76.14,Others,73.1,Others,Commerce,77.58,Comm&Mgmt,No,79.91,Mkt&HR,61.94,Placed,328000.0
142,M,60.83,Central,53.66,Others,Commerce,59.35,Comm&Mgmt,Yes,69.21,Mkt&HR,68.51,Placed,230000.0
143,F,75.79,Central,74.56,Others,Commerce,82.46,Comm&Mgmt,No,50.0,Mkt&Fin,53.24,Placed,315000.0
144,M,78.54,Central,73.21,Central,Science,76.26,Comm&Mgmt,Yes,66.08,Mkt&HR,56.09,Placed,377000.0
145,M,69.52,Central,56.66,Others,Commerce,72.96,Comm&Mgmt,Yes,77.41,Mkt&HR,57.12,Placed,328000.0
146,M,69.53,Others,67.31,Central,Commerce,67.5,Comm&Mgmt,No,57.82,Mkt&HR,61.9,Placed,200000.0
147,M,69.92,Central,67.28,Others,Commerce,66.21,Comm&Mgmt,Yes,80.21,Mkt&Fin,60.11,Placed,312000.0
148,M,57.68,Central,76.5,Others,Commerce,61.97,Comm&Mgmt,Yes,83.81,Mkt&Fin,69.39,Placed,275000.0
149,M,65.41,Others,73.08,Others,Commerce,68.16,Comm&Mgmt,Yes,73.65,Mkt&Fin,67.56,Placed,305000.0
150,M,65.35,Central,65.54,Others,Science,74.0,Comm&Mgmt,No,50.0,Mkt&Fin,65.62,Placed,277000.0
151,F,71.14,Central,70.74,Others,Commerce,68.95,Comm&Mgmt,No,55.38,Mkt&Fin,63.2,Placed,302000.0
152,F,77.8,Others,72.67,Others,Science,64.94,Comm&Mgmt,No,96.52,Mkt&Fin,64.16,Placed,243000.0
153,M,55.57,Others,58.34,Others,Science,67.23,Comm&Mgmt,No,64.9,Mkt&Fin,57.48,Not Placed,
154,M,65.65,Others,56.41,Others,Commerce,71.32,Comm&Mgmt,No,50.0,Mkt&Fin,67.35,Placed,267000.0
155,M,83.0,Others,73.87,Central,Commerce,75.85,Comm&Mgmt,No,88.06,Mkt&Fin,56.97,Placed,423000.0
156,F,58.97,Central,55.59,Others,Commerce,67.96,Comm&Mgmt,No,72.17,Mkt&HR,66.89,Not Placed,
157,M,58.12,Others,50.84,Others,Science,61.77,Sci&Tech,Yes,86.36,Mkt&Fin,68.2,Not Placed,
158,F,69.18,Others,71.89,Central,Commerce,61.82,Comm&Mgmt,No,75.6,Mkt&Fin,62.84,Placed,200000.0
159,F,76.12,Others,74.69,Central,Science,64.61,Sci&Tech,No,77.96,Mkt&Fin,60.99,Placed,275000.0
160,F,67.12,Others,51.23,Others,Science,57.01,Sci&Tech,No,76.72,Mkt&Fin,63.4,Placed,241000.0
161,M,81.35,Others,73.2,Others,Science,72.85,Sci&Tech,No,81.07,Mkt&Fin,51.2,Placed,366000.0
162,F,76.25,Others,79.9,Others,Commerce,69.2,Comm&Mgmt,No,98.0,Mkt&HR,64.08,Placed,307000.0
163,M,76.09,Central,80.35,Central,Arts,67.08,Comm&Mgmt,No,84.62,Mkt&HR,61.58,Placed,252000.0
164,M,72.98,Others,78.36,Central,Commerce,51.4,Comm&Mgmt,No,51.46,Mkt&Fin,60.36,Placed,269000.0
165,M,89.4,Central,79.0,Central,Commerce,67.06,Comm&Mgmt,No,77.81,Mkt&HR,66.09,Placed,381000.0
166,M,64.78,Others,57.95,Others,Commerce,72.17,Comm&Mgmt,No,86.84,Mkt&Fin,62.31,Placed,328000.0
167,F,45.36,Others,45.24,Others,Science,55.02,Sci&Tech,No,87.64,Mkt&Fin,54.73,Not Placed,
168,F,84.33,Others,78.81,Central,Science,74.61,Sci&Tech,No,66.45,Mkt&Fin,62.18,Placed,325000.0
169,M,62.06,Others,66.86,Others,Science,56.66,Comm&Mgmt,No,87.14,Mkt&Fin,61.54,Not Placed,
170,F,68.17,Central,77.94,Central,Commerce,75.2,Comm&Mgmt,No,84.06,Mkt&HR,63.65,Placed,232000.0
171,M,81.14,Others,83.48,Central,Arts,70.56,Comm&Mgmt,No,98.0,Mkt&HR,63.45,Placed,298000.0
172,M,49.7,Others,55.71,Central,Commerce,62.08,Comm&Mgmt,No,62.25,Mkt&HR,67.42,Not Placed,
173,M,53.48,Central,48.34,Central,Commerce,75.21,Comm&Mgmt,Yes,65.4,Mkt&Fin,57.05,Placed,297000.0
174,F,49.71,Central,54.13,Others,Arts,69.19,Comm&Mgmt,Yes,68.02,Mkt&HR,63.39,Not Placed,
175,M,58.42,Central,63.48,Others,Commerce,61.67,Comm&Mgmt,Yes,65.63,Mkt&Fin,68.76,Not Placed,
176,M,71.75,Others,67.24,Central,Commerce,64.67,Others,No,60.43,Mkt&Fin,52.43,Placed,305000.0
177,M,72.66,Central,64.55,Others,Science,66.54,Others,No,50.0,Mkt&Fin,63.14,Placed,256000.0
178,F,69.98,Others,70.14,Others,Commerce,70.45,Comm&Mgmt,No,66.35,Mkt&HR,59.33,Placed,279000.0
179,F,51.74,Central,53.67,Others,Commerce,60.5,Comm&Mgmt,Yes,76.8,Mkt&HR,59.51,Not Placed,
180,F,42.05,Others,47.29,Others,Commerce,55.43,Comm&Mgmt,Yes,65.59,Mkt&Fin,56.07,Not Placed,
181,F,67.59,Central,69.32,Central,Commerce,75.17,Comm&Mgmt,Yes,97.16,Mkt&Fin,62.08,Placed,306000.0
182,F,61.9,Others,60.13,Others,Science,64.0,Comm&Mgmt,Yes,72.17,Mkt&HR,72.03,Not Placed,
183,M,71.96,Central,71.15,Central,Science,81.52,Sci&Tech,No,88.78,Mkt&HR,56.7,Placed,324000.0
184,M,74.58,Others,72.84,Others,Commerce,69.63,Comm&Mgmt,Yes,75.4,Mkt&Fin,56.03,Placed,347000.0
185,F,68.49,Others,57.48,Others,Commerce,77.33,Comm&Mgmt,Yes,82.74,Mkt&HR,56.07,Placed,236000.0
186,F,75.21,Others,66.77,Others,Commerce,71.4,Comm&Mgmt,No,75.63,Mkt&HR,72.14,Placed,215000.0
187,M,69.48,Others,79.94,Central,Science,72.9,Comm&Mgmt,Yes,89.79,Mkt&HR,60.25,Placed,297000.0
188,M,72.72,Central,59.62,Others,Science,64.25,Sci&Tech,No,72.73,Mkt&Fin,61.78,Placed,296000.0
189,F,59.39,Central,44.17,Others,Science,58.83,Comm&Mgmt,Yes,78.45,Mkt&HR,59.17,Not Placed,
190,M,65.06,Central,49.46,Others,Commerce,68.44,Comm&Mgmt,Yes,76.76,Mkt&Fin,57.15,Placed,358000.0
191,F,69.13,Central,67.77,Others,Commerce,72.93,Comm&Mgmt,No,68.25,Mkt&HR,61.5,Placed,246000.0
192,M,75.86,Others,71.49,Others,Commerce,69.78,Comm&Mgmt,Yes,77.26,Mkt&Fin,76.0,Placed,310000.0
193,M,62.75,Others,63.01,Others,Science,57.5,Sci&Tech,No,98.0,Mkt&Fin,68.91,Not Placed,
194,F,72.63,Others,79.77,Central,Commerce,60.53,Comm&Mgmt,Yes,68.48,Mkt&Fin,56.86,Placed,320000.0
195,M,64.13,Others,42.05,Others,Science,57.17,Sci&Tech,Yes,77.45,Mkt&Fin,64.78,Placed,305000.0
196,M,65.73,Others,69.02,Others,Science,55.75,Sci&Tech,No,88.35,Mkt&Fin,56.5,Not Placed,
197,M,75.96,Others,84.55,Others,Commerce,70.22,Comm&Mgmt,Yes,86.82,Mkt&Fin,52.75,Placed,328000.0
198,F,45.47,Central,44.92,Central,Commerce,65.44,Comm&Mgmt,No,72.15,Mkt&Fin,67.65,Not Placed,
199,M,53.0,Central,55.42,Central,Commerce,61.47,Comm&Mgmt,No,50.0,Mkt&Fin,68.03,Not Placed,
200,M,50.99,Others,51.14,Others,Commerce,50.0,Comm&Mgmt,No,78.72,Mkt&HR,66.25,Not Placed,
201,F,41.8,Others,44.89,Others,Commerce,56.52,Comm&Mgmt,No,50.0,Mkt&HR,58.57,Not Placed,
202,F,59.67,Central,59.55,Others,Science,62.94,Others,No,91.11,Mkt&HR,60.88,Not Placed,
203,M,75.09,Central,82.93,Others,Commerce,81.44,Comm&Mgmt,No,74.2,Mkt&Fin,67.77,Placed,319000.0
204,M,63.92,Others,80.27,Others,Commerce,56.92,Sci&Tech,No,85.0,Mkt&Fin,63.35,Not Placed,
205,M,69.14,Central,64.67,Others,Science,64.93,Sci&Tech,No,60.27,Mkt&HR,59.83,Placed,200000.0
206,M,78.76,Central,89.01,Others,Science,80.46,Comm&Mgmt,Yes,51.82,Mkt&Fin,54.64,Placed,353000.0
207,M,81.34,Others,74.54,Others,Commerce,74.08,Others,No,75.39,Mkt&Fin,63.53,Placed,296000.0
208,F,66.25,Others,80.84,Others,Science,69.45,Comm&Mgmt,Yes,71.56,Mkt&HR,68.38,Placed,314000.0
209,M,81.62,Central,73.6,Central,Science,72.23,Sci&Tech,No,65.61,Mkt&HR,56.14,Placed,372000.0
210,M,67.99,Others,68.01,Others,Science,68.71,Sci&Tech,No,73.1,Mkt&Fin,65.88,Placed,245000.0
211,F,57.96,Central,64.48,Central,Science,67.8,Comm&Mgmt,No,98.0,Mkt&HR,64.1,Not Placed,
212,M,60.58,Others,89.84,Central,Commerce,59.51,Others,No,82.85,Mkt&Fin,65.58,Placed,200000.0
213,M,51.01,Central,64.79,Others,Science,65.95,Sci&Tech,No,85.64,Mkt&HR,66.89,Not Placed,
214,F,57.41,Others,55.06,Others,Commerce,55.13,Comm&Mgmt,No,82.97,Mkt&Fin,57.19,Placed,200000.0
215,F,63.13,Central,72.46,Central,Science,67.0,Others,No,91.23,Mkt&Fin,53.31,Placed,276000.0
